Searched String,Corresponding URLs
Best car driving school in mohali,https://www.justdial.com/Chandigarh/Motor-Training-Schools-in-Mohali-Sas-Nagar/nct-10329591
Best car driving school in mohali,https://chandigarhupdate.com/driving-schools-in-mohali-sas-nagar-punjab/
Best car driving school in mohali,https://www.cardekho.com/car-driving-school/mohali
Best car driving school in mohali,https://www.sulekha.com/driving-schools/mohali-chandigarh
Best car driving school in mohali,https://foreverdrivingschool.com/how-much-car-driving-training-course-fees-in-chandigarh/
Best car driving school in mohali,https://foreverdrivingschool.com/are-you-looking-for-car-driving-classes-in-chandigarh/
Best car driving school in mohali,https://www.chandigarhstudy.com/top-5-driving-schools-chandigarh-2/
Best car driving school in mohali,https://www.autox.com/new-cars/driving-school/mohali/
Best car driving school in mohali,https://www.pinterest.com/pin/660973682785076747/
Best car driving school in mohali,https://www.slideshare.net/HiteshGaur4/best-car-driving-school-in-mohali-call-916239488623
Best car driving school in mohali,https://www.marutisuzukidrivingschool.com/
Best car driving school in mohali,https://indiapl.com/punjab/car-driving-school-in-mohali-757606
Best car driving school in mohali,https://www.facebook.com/Forever.Driving.School/
Best car driving school in mohali,https://www.indiamart.com/proddetail/women-driving-school-17687116748.html
Best car driving school in mohali,https://www.grotal.com/Mohali/Singh-Car-Driving-School-C2/
Best car driving school in mohali,https://www.grotal.com/Mohali/Modern-Driving-School-C2/
Best car driving school in mohali,https://in.linkedin.com/school/forever-driving-school/
Best car driving school in mohali,http://cardrivingschoolinmohali.golocall.com/search/car-driving-school-in-phase-6-mohali/
Best car driving school in mohali,http://perfectdrivingschool.co.in/about-us/
Best car driving school in mohali,https://yellowpages.webindia123.com/d-py/Punjab/Mohali/Driving-Schools-468/1/
Best car driving school in mohali,https://www.newcitydrivingschool.com/
Best car driving school in mohali,https://foreverdrivingschool.business.site/
Best car driving school in mohali,https://medium.com/@Foreverdriving
Best car driving school in mohali,https://driving-school-mohali.blogspot.com/2018/05/best-car-driving-school-in-mohali-call.html
Best car driving school in mohali,https://nicelocal.in/chandigarh/trainings/car_driving_schools_in_mohali/
Best car driving school in mohali,https://in.worldorgs.com/catalog/sahibzada-ajit-singh-nagar/day-care-center/car-driving-school-in-mohali
Best car driving school in mohali,https://adbook.in/listing-category/car-driving-school/
Best car driving school in mohali,https://motorbikedrivingschool.com/driving-school/what-is-the-driving-school-fees-in-chandigarh/
Best car driving school in mohali,http://www.azaddrivingschool.com/about-us/
Best car driving school in mohali,http://apnitricity.com/education/forever-driving-school/
Best car driving school in mohali,https://driving-school-chandigarh.blogspot.com/2018/03/how-much-car-driving-course-fees-in.html
Best car driving school in mohali,http://www.asklaila.com/search/Chandigarh/Dhanas/Driving%20schools/?searchNearby=false
Best car driving school in mohali,https://foreverdrivingschool.wordpress.com/tag/driving-school-in-mohali-sector-70/
Best car driving school in mohali,https://forever-driving-school.blogspot.com/search/label/Driving%20Schools%20in%20Baltana
Best car driving school in mohali,https://foureverdrivingschool.wordpress.com/2018/11/22/driving-classes-in-sector-39-chandigarh/
Best car driving school in mohali,https://www.quikr.com/services/driving-classes-in-kharar-landran-road-mohali-evaluate
Best car driving school in mohali,https://www.emimake.com/driving-schools-in-mohali
Best car driving school in mohali,https://finndit.com/singlelisting/11340
Best car driving school in mohali,https://driving-school-mohali.blogspot.in/search?updated-max=2018-03-07T21:02:00-08:00&max-results=7
Best car driving school in mohali,https://bharatbz.com/punjab/singh-driving-school-best-driving-school-mohali-31092
Best car driving school in mohali,https://www.starofservice.in/requests/chandigarh/driving-lessons
Best car driving school in mohali,https://www.indiastudychannel.com/schools/42089-mann-s-driving-school-taxi-service-mohali
Best car driving school in mohali,https://www.az-india.com/company/forever_driving_school_chandigarh_ch_34_sector_chandigarh
Best car driving school in mohali,https://www.quora.com/Which-car-should-be-learnt-in-driving-school
Best car driving school in mohali,https://opencorpdata.com/place/ChIJpUn8mg_sDzkRtQrfnOxrlhY
Best car driving school in mohali,https://driving-school-panchkula.blogspot.com/2018/02/how-visit-to-forever-driving-school-in.html
Best car driving school in mohali,http://www.findglocal.com/IN/Chandigarh/135651483768607/Bombay-Driving-School
Best car driving school in mohali,https://droom.in/driving-school
Best car driving school in mohali,https://tamil.cybo.com/IN-biz/kulbir-driving-school-best-car-driving
Best car driving school in mohali,https://ftp.uunongo.yadahmedia.com/hseavo/3aa695-schools-in-chandigarh-and-mohali
Best restaurant in mohali,https://www.tripadvisor.in/Restaurants-g1584804-Mohali_Mohali_District_Punjab.html
Best restaurant in mohali,https://www.eazydiner.com/chandigarh/restaurants/mohali
Best restaurant in mohali,https://www.eazydiner.com/chandigarh/restaurants/phase-5-mohali
Best restaurant in mohali,https://www.dineout.co.in/chandigarh-restaurants/mohali
Best restaurant in mohali,https://www.dineout.co.in/chandigarh/top-10-restaurants-in-mohali
Best restaurant in mohali,https://www.zomato.com/chandigarh/best-mohali-restaurants
Best restaurant in mohali,https://www.zomato.com/chandigarh/best-mohali-restaurants?cft=4
Best restaurant in mohali,https://www.justdial.com/Chandigarh/Restaurants-in-Mohali-Sas-Nagar/nct-10408936
Best restaurant in mohali,https://www.quora.com/Which-are-the-best-food-outlets-in-Mohali
Best restaurant in mohali,https://www.sluurpy.in/mohali/restaurants
Best restaurant in mohali,https://magicpin.in/india/Mohali/All/Restaurant/?feat=18
Best restaurant in mohali,https://traveltriangle.com/blog/best-restaurants-in-chandigarh/
Best restaurant in mohali,https://www.holidify.com/pages/street-food-in-chandigarh-108.html
Best restaurant in mohali,https://www.fabhotels.com/blog/restaurants-in-chandigarh/
Best restaurant in mohali,https://chandigarhmetro.com/buffet-restaurants-mohali-price-best-list/
Best restaurant in mohali,https://restaurant-guru.in/Sahibzada-Ajit-Singh-Nagar
Best restaurant in mohali,https://www.proptiger.com/mohali/sector-70-52324/restaurants
Best restaurant in mohali,https://www.todaybreaking.news/top-10-restaurants-in-mohali/
Best restaurant in mohali,https://www.shoutlo.com/articles/rooftop-restaurants-in-chandigarh
Best restaurant in mohali,https://medium.com/@biryaniamiran/kadai-paneer-best-restaurant-in-mohali-chandigarh-d0a567e6230d
Best restaurant in mohali,https://housing.com/landmarks/kharar-mohali-overview/restaurants-ES5P61jsk1qxjaa9vzhr
Best restaurant in mohali,https://www.nearbuy.com/chandigarh/c/food-and-drink
Best restaurant in mohali,https://blog.karlrock.com/locals-guide-best-food-chandigarh/
Best restaurant in mohali,https://www.oberoihotels.com/hotels-in-chandigarh-sukhvilas-resort/restaurants/
Best restaurant in mohali,http://sciencespo-lille.com/gbzg6/ea95b0-veg-buffet-in-mohali
Best restaurant in mohali,https://www.pyramidcafe.in/mohali.html
Best restaurant in mohali,http://www.sagmart.com/restaurant-id35717-basant-mohali
Best restaurant in mohali,https://www.instagram.com/bestrestaurantinchandigarh/
Best restaurant in mohali,https://dir.indiamart.com/mohali/restaurant-interior-designers.html
Best restaurant in mohali,https://www.posist.com/restaurant-times/restro-gyaan/restaurant-business-chandigarh.html
Best restaurant in mohali,https://www.simplyhired.co.in/search?q=restaurant+jobs&l=mohali%2C+punjab
Best restaurant in mohali,https://www.tripfactory.com/trip/most-popular-vegetarian-restaurants-in-chandigarh-5531
Best restaurant in mohali,https://www.youtube.com/watch?v=JM-Ak15L1kQ
Best restaurant in mohali,https://www.dominos.co.in/store-locations/pizza-delivery-food-restaurants-in-phase-2-mohali-160055-area
Best restaurant in mohali,http://www.hotelcama.com/
Best restaurant in mohali,https://restaurants.pizzahut.co.in/pizza-hut-mohali-pizza-restaurant-sector-64-mohali-1387/TimelineDetails/57018
Best restaurant in mohali,https://chandigarhupdates.com/candle-light-dinner-in-chandigarh/
Best restaurant in mohali,https://in.pinterest.com/pin/824862487985246559/
Best restaurant in mohali,https://www.gqindia.com/live-well/content/best-pizza-places-in-chandigarh-restaurants-ultimate-gq-guide
Best restaurant in mohali,https://www.treebo.com/blog/street-food-in-chandigarh/
Best restaurant in mohali,https://restaurants.kfc.co.in/kfc-phase-9-sector-66-restaurants-sector-66-mohali-35068/Home
Best restaurant in mohali,https://www.oyorooms.com/hotels-in-mohali/
Best restaurant in mohali,https://www.brewestate.in/
Best restaurant in mohali,http://www.gladeshotel.com/
Best restaurant in mohali,https://www.goibibo.com/hotels/alpine-restaurant-hotel-in-mohali-125828261851807930/
Best restaurant in mohali,https://www.trivago.in/mohali-556066/hotel/%09v5-restaurant-10956758
Best restaurant in mohali,http://lifeinchandigarh.com/lifestyle_at-nineteenth-may-mohali-you-sure-are-in-the-place-to-be-these--nine-nights
Best restaurant in mohali,https://finndit.com/singlelisting/14834
Best restaurant in mohali,https://www.open-hours.in/en/sahibzada-ajit-singh-nagar/the-second-wife-restaurant-best-restaurant-in-mohali
Best restaurant in mohali,https://www.facebook.com/anvnewspunjabi/videos/best-restaurant-for-lunch-in-mohali%E0%A4%B8%E0%A5%81%E0%A4%A8%E0%A4%A8%E0%A5%87-%E0%A4%AE%E0%A5%87%E0%A4%82-%E0%A4%95%E0%A5%8D%E0%A4%B2%E0%A4%BF%E0%A4%95-%E0%A4%AC%E0%A5%87%E0%A4%9F-%E0%A4%B8%E0%A4%BE-%E0%A4%B2%E0%A4%97%E0%A4%A4%E0%A4%BE-%E0%A4%B9%E0%A5%88-%E0%A4%AA%E0%A4%B0-%E0%A4%B9%E0%A5%88-%E0%A4%A8%E0%A4%B9%E0%A5%80%E0%A4%82/505857654108619/
All movies theatres in mohali,https://paytm.com/movies/mohali
All movies theatres in mohali,https://paytm.com/movies/mohali/cinema-halls-and-movie-theatre
All movies theatres in mohali,https://in.bookmyshow.com/cinemas-list/pvr/mohali/pvr
All movies theatres in mohali,https://www.sulekha.com/movie-theaters/mohali-chandigarh
All movies theatres in mohali,https://www.justdial.com/Chandigarh/Multiplex-Cinema-Halls-in-Mohali-Sas-Nagar/nct-10332503
All movies theatres in mohali,https://www.justdial.com/Chandigarh/Cinema-Halls-in-Mohali-Sas-Nagar/nct-10099752
All movies theatres in mohali,https://timesofindia.indiatimes.com/entertainment/theatre/chandigarh/pvr-premiere-north-country-mall-mohali/1540
All movies theatres in mohali,https://housing.com/landmarks/mohali-overview/movie-theatres-ESfP2cuanp6f1cp1wlka
All movies theatres in mohali,https://www.ticketnew.com/online-advance-booking/Movies/C/Mohali
All movies theatres in mohali,https://www.tripadvisor.in/Attractions-g297596-Activities-c56-t97-Chandigarh.html
All movies theatres in mohali,https://nicelocal.in/mohali/cinema/
All movies theatres in mohali,http://www.cinemachapter.com/now-running/chandigarh/bassi-theatre-mohali-show-times-ticket-price-booking.html
All movies theatres in mohali,http://www.onefivenine.com/india/Listing/Locality/movies/S.a.s-Nagar/Mohali/Sector-68
All movies theatres in mohali,https://www.filmibeat.com/movie_listings/Mohali.html
All movies theatres in mohali,https://spicyonion.com/cinemas/pvr-north-country-mall-in-mohali/
All movies theatres in mohali,https://www.wowchandigarh.com/entertainment/best-single-screen-cinema-chandigarh/
All movies theatres in mohali,https://www.hindustantimes.com/cities/it-s-showtime-says-punjab-government-theatre-owners-show-reluctance/story-12jEtTYpkAFkIBnZFqcmpI.html
All movies theatres in mohali,https://www.nearbuy.com/mohali/pvr-vr-punjab-mall-mohali-sector-118
All movies theatres in mohali,https://www.ixigo.com/movie-halls-around-nearby-garv-medical-hall-mohali-lp-1268849
All movies theatres in mohali,https://www.findglocal.com/IN/Mohali/222096664486728/The-Theatre-Army-Films
All movies theatres in mohali,https://www.emimake.com/top-movie-theaters-multiplex-in-lalru-mohali
All movies theatres in mohali,https://www.news18.com/news/india/punjab-to-lift-curbs-malls-cinemas-reopen-to-those-with-jabs-whats-open-closed-3945071.html
All movies theatres in mohali,https://www.pvrcinemas.com/comingsoon
All movies theatres in mohali,https://in.worldorgs.com/catalog/sahibzada-ajit-singh-nagar/amusement-center/pvr-mohali-mainstream-mohali
All movies theatres in mohali,https://www.mouthshut.com/product-reviews/PVR-VR-Punjab-Mall-Sector-118-Mohali-reviews-925860014
All movies theatres in mohali,https://www.livemint.com/news/india/punjab-extends-night-curfew-timings-shuts-cinema-halls-bars-till-april-end-details-here-11618830244957.html
All movies theatres in mohali,https://www.wavecinemas.com/
All movies theatres in mohali,https://www.instagram.com/piccadiliahouse/?hl=en
All movies theatres in mohali,https://www.qubecinema.com/qube-all-india-theaters-list
All movies theatres in mohali,https://www.olx.in/properties_c3/q-movie-and
All movies theatres in mohali,https://zeenews.india.com/india/unlock-5-pvr-all-set-to-reopen-heres-the-new-way-to-watch-movies-in-cinema-halls-2317341.html
All movies theatres in mohali,https://www.inoxmovies.com/Cinemas.aspx
All movies theatres in mohali,https://www.tribuneindia.com/news/chandigarh/malls-restaurants-gyms-to-open-in-chandigarh-265447
All movies theatres in mohali,https://www.shoutlo.com/articles/drive-in-cinema-chandigarh
All movies theatres in mohali,https://www.whatsuplife.in/chandigarh/leisure-camps-activity-outing-getaways/pvr-vr-punjab-mall-mohali-chandigarh.html
All movies theatres in mohali,https://www.carnivalcinemas.com/
All movies theatres in mohali,http://www.localdiaries.in/Mohali/Cinema-Halls
All movies theatres in mohali,https://tricityhelpline.com/listing3/1_19_16_0_0_0/Arts-Entertainment-Theatres/index.htm
All movies theatres in mohali,https://insider.in/drive-in-theatre-experiences-india/article
All movies theatres in mohali,https://timesofindia.indiatimes.com/entertainment/upcoming-movies/upcoming-punjabi-movies
All movies theatres in mohali,https://www.theconnplex.com/
All movies theatres in mohali,https://karinandscott.com/site/ac5a59-pvr-mohali
All movies theatres in mohali,https://chandigarh.yalwa.in/ID_106921616/Bassi-Theater.html
All movies theatres in mohali,https://www.fortishealthcare.com/india/fortis-hospital-in-mohali-punjab
All movies theatres in mohali,https://punjab.mallsmarket.com/malls/bestech-square-mall-mohali
All movies theatres in mohali,https://indianexpress.com/article/cities/chandigarh/night-curfew-from-6-pm-in-chandigarh-mohali-7293307/
All movies theatres in mohali,https://www.medianews4u.com/cinepolis-india-announces-the-launch-of-cinepolis-janak-and-cinepolis-bestech-square-mohali/
All movies theatres in mohali,https://www.in.locan.to/geo/239325/Music-Movies-Books/N/Mohali/?query=%22A+%22
All movies theatres in mohali,https://www.yashrajfilms.com/divisions/yrf-distribution-india
All movies theatres in mohali,https://www.indiatvnews.com/news/india/coronavirus-lockdown-punjab-schools-colleges-shut-marriage-funerals-restrictions-692105
Men saloon and spa in mohali,https://www.justdial.com/Chandigarh/Men-Beauty-Parlours-in-Mohali-Sas-Nagar/nct-11302386
Men saloon and spa in mohali,https://www.justdial.com/Chandigarh/Beauty-Salons-For-Men-in-Mohali-Sas-Nagar/nct-11099290
Men saloon and spa in mohali,https://www.sulekha.com/mens-beauty-parlour-services/mohali
Men saloon and spa in mohali,https://www.weddingplz.com/chandigarh/beauty-parlour-for-men/location--sec-57-mohali
Men saloon and spa in mohali,https://www.weddingplz.com/chandigarh/beauty-parlour-for-men/location--sohana-mohali
Men saloon and spa in mohali,https://magicpin.in/Mohali/Sector-70/Beauty/Black-Scissor-Mens-Salon/store/2c3791/
Men saloon and spa in mohali,http://www.10deals.in/chandigarh/hair-stone-unisex-salon-mohali-men-haircut-haircolor
Men saloon and spa in mohali,https://nicelocal.in/mohali/beauty/type/beauty_salons_for_men/
Men saloon and spa in mohali,https://www.indiamart.com/proddetail/spa-and-massage-service-21080119955.html
Men saloon and spa in mohali,https://yellowpages.webindia123.com/d-py/Punjab/Mohali/Mens-Beauty-Parlour-179/1/
Men saloon and spa in mohali,https://www.nearbuy.com/mohali/c/beauty-and-salon/hair/hair-spa
Men saloon and spa in mohali,https://chandigarhmetro.com/salons-in-mohali-best-list/
Men saloon and spa in mohali,https://www.asklaila.com/search/Chandigarh/mohali/male-body-waxing/
Men saloon and spa in mohali,https://in.pinterest.com/pin/748160556832060119/
Men saloon and spa in mohali,https://www.thefreedeals.com/deals/chandigarh/salon
Men saloon and spa in mohali,https://www.emimake.com/men-s-salon-in-mohali
Men saloon and spa in mohali,https://www.urbancompany.com/chandigarh-salon-at-home
Men saloon and spa in mohali,https://www.urbancompany.com/chandigarh-mens-grooming
Men saloon and spa in mohali,http://www.localdiaries.in/business/Mohali/Girls-and-Guys-Unisex-Salon-And-Spa/3-Phase-07
Men saloon and spa in mohali,https://www.facebook.com/OraneSalon.n.SpaMohali/posts/mens-haircut-stylingoranesalonnspamohalivisit-us-at-sco-80-1st-2nd-level-sec-82-/1050814855286394/
Men saloon and spa in mohali,https://www.grotal.com/Mohali/Mens-Hair-Salons-C2/
Men saloon and spa in mohali,https://www.purplle.com/bookings/chandigarh/radiant-lounge-salon-mohali-v
Men saloon and spa in mohali,https://www.shoutlo.com/deals/heaven-salon-phase-11-mohali/2964
Men saloon and spa in mohali,https://www.click.in/chandigarh/luxurious-professional-salon-packages-in-mohali-c190-v32242153
Men saloon and spa in mohali,https://www.lookssalon.in/
Men saloon and spa in mohali,https://www.lakmesalon.in/
Men saloon and spa in mohali,https://www.elegantesalon.in/
Men saloon and spa in mohali,https://www.glamoz.in/day-spa-near-me-phase-7-mohali
Men saloon and spa in mohali,https://geetanjalisalon.com/
Men saloon and spa in mohali,https://hairsalon.lorealprofessionnel.in/salon/in/Mohali
Men saloon and spa in mohali,https://www.naturals.in/
Men saloon and spa in mohali,https://www.yesmadam.com/
Men saloon and spa in mohali,https://maps123.net/en/IN/blue-angels-spa-saloon-men-amp-women-spa-therapy-massage-therapy-in-zirakpur-derabassi-chandigarh-mohali-p41193
Men saloon and spa in mohali,http://www.needfullspa.in/Full-Body-Massage-in-Mohali.html
Men saloon and spa in mohali,https://www.themancompany.com/apps/store-locator
Men saloon and spa in mohali,https://www.in.locan.to/geo/239325/Personals/P/Mohali/?query=body+to+body+massage
Men saloon and spa in mohali,https://vrpunjab.com/home/shop
Men saloon and spa in mohali,https://www.vlccwellness.com/India/
Men saloon and spa in mohali,https://www.studio11.co/
Men saloon and spa in mohali,https://www.dealsnapper.in/
Men saloon and spa in mohali,https://www.beardo.in/
Men saloon and spa in mohali,https://housing.com/in/buy/pune/studio-koyal_s_men_salon_spa_gultekdi_lmk
Men saloon and spa in mohali,https://www.kaya.in/
Men saloon and spa in mohali,https://www.thebodyshop.in/
Men saloon and spa in mohali,http://allaboutsiruseri.blogspot.com/2013/09/ladies-salon-women-beauty-parlor-in.html
Men saloon and spa in mohali,https://www.bodytobodymassageinchandigrah.com/
Men saloon and spa in mohali,https://www.truefittandhill.in/
Men saloon and spa in mohali,https://www.massage2book.com/parlor/Avion-Spa/SCO-180-Sector-7-C-160019-Chandigarh-Chandigarh-India
Men saloon and spa in mohali,https://ipindia.gov.in/writereaddata/Portal/IPOJournal/1_4877_1/CLASS_1_-_17.pdf
Men saloon and spa in mohali,https://www.ozigym.com/
Shoe shop in mohali,https://www.sulekha.com/footwear-shops/mohali
Shoe shop in mohali,https://www.justdial.com/Chandigarh/Sports-Shoe-Dealers-in-Mohali-Sas-Nagar/nct-10448621
Shoe shop in mohali,https://www.justdial.com/Chandigarh/Shoe-Dealers-in-Mohali-Sas-Nagar/nct-10433615
Shoe shop in mohali,https://yellowpages.webindia123.com/d-py/Punjab/Mohali/Shoe-Shops-512/1/
Shoe shop in mohali,https://nicelocal.in/mohali/stores/type/shoes/
Shoe shop in mohali,http://www.bata.in/bataindia/faces/store/Punjab/Mohali/MOHALIPHASE7/07447
Shoe shop in mohali,https://dir.indiamart.com/mohali/safety-shoes.html
Shoe shop in mohali,https://www.exportsurplus.com/shoe-store-in-chandigarh/mohali
Shoe shop in mohali,https://www.dealerservicecenter.in/list/shoes/bata/punjab/mohali
Shoe shop in mohali,https://www.asklaila.com/search/Chandigarh/mohali/liberty-shoe-shop/
Shoe shop in mohali,https://www.skechers.in/store-locator/skechers-bestech-square-mall-mohali/
Shoe shop in mohali,https://www.jdmart.com/Mohali/Jinder-footwear-shop-Mohali-sas-nagar/0172PX172-X172-180228141457-L9X4_BZDET/catalogue
Shoe shop in mohali,https://www.asics.com/in/en-in/store/asics-vr-punjab-mall-mohali
Shoe shop in mohali,https://www.citibaazaar.com/brandstore/shoe-hub-mohali-12554
Shoe shop in mohali,https://www.facebook.com/libertymohali/
Shoe shop in mohali,https://in.infoaboutcompanies.com/Catalog/PB/Mohali/Leather-Goods-Shop/Leather-Point-%7C-Shoe-Shops-in-Mohali
Shoe shop in mohali,https://magicpin.in/Mohali/Phase-1/Fashion/Jay-Land-Shoe-Palace/store/315730/
Shoe shop in mohali,https://www.olx.in/en/mohali_g4296460/women_c1795/q-shoes
Shoe shop in mohali,http://www.localdiaries.in/Mohali/Shoes-Dealers
Shoe shop in mohali,https://stores.sportsstation.in/sports-station-ss-mohali-shoes-footwear-phase-7-mohali-5432/Home
Shoe shop in mohali,https://www.clickedindia.net/u7atr0my7d/a-s-shoes-shop-mohali.html
Shoe shop in mohali,https://discountlooker.com/stores/Mohali/?search=Bata%20Shoe%20Store%20Kharar-Chandigarh%20Road%20Mohali
Shoe shop in mohali,https://adbook.in/listings/shoes-shop-in-mohali/
Shoe shop in mohali,https://vrpunjab.com/home/ShopDetails/1188
Shoe shop in mohali,http://apnitricity.com/footwear/
Shoe shop in mohali,https://www.urbanladder.com/locations/shoe-rack-in-mohali
Shoe shop in mohali,https://www.grotal.com/Mohali/Relaxo-Footwear-Shop-C2/
Shoe shop in mohali,https://inrdeals.com/dealer/crocs-shoes/punjab/crocs-showroom-in-mohali
Shoe shop in mohali,https://www.tiendeo.in/stores/mohali/mochi
Shoe shop in mohali,https://in.worldorgs.com/catalog/sahibzada-ajit-singh-nagar/shoe-store/leather-point-shoe-shops-in-mohali
Shoe shop in mohali,https://www.mouthshut.com/product-reviews/Woodland-Phase-7-Mohali-reviews-925914446
Shoe shop in mohali,https://www.brandshowroom.info/bata-showroom-in-mohali-punjab-india
Shoe shop in mohali,https://pinda.in/address/2178553-joy-land-shoe-palace
Shoe shop in mohali,https://www.apnamohali.com/shoe-dealers/
Shoe shop in mohali,https://openinghoursindia.com/05320446/Liberty_Shoes_Mohali
Shoe shop in mohali,https://finndit.com/singlelisting/15167
Shoe shop in mohali,https://www.budingstar.com/kids/kids-shop-shoes-store-kids-mohali/arun-shoes
Shoe shop in mohali,https://punjab.mallsmarket.com/malls/north-country-mall-mohali/stores/converse
Shoe shop in mohali,https://www.open-hours.in/en/sahibzada-ajit-singh-nagar/leather-point-shoe-shops-in-mohali
Shoe shop in mohali,https://www.onitsukatiger.com/in/en-in/store/onitsuka-tiger-elante-mall-chandigarh
Shoe shop in mohali,https://heyshops.in/02660223/Liberty_Shoes_Mohali
Shoe shop in mohali,https://stores.lifestylestores.com/lifestyle-stores-north-country-mall-shopping-centre-mohali-kharar-road-fatehgarh-sahib-68806/ProductDetails/1000008298668
Shoe shop in mohali,https://www.egleshoes.com/ourshowroom
Shoe shop in mohali,http://www.carltonlondon.com/store-locator.aspx
Shoe shop in mohali,https://uclean.in/laundry-and-dry-cleaners-in-sector-85-mohali-uc230
Shoe shop in mohali,https://www.tripadvisor.in/FAQ_Answers-g1584804-d6833231-t6301923-Shoes_for_bowling_are_provided_there_only_If.html
Shoe shop in mohali,https://www.clarks.in/customer/store/location
Shoe shop in mohali,https://www.quikr.com/home-lifestyle/tracer-shoe-showroom+Footwear+Mohali+x18279236f
Shoe shop in mohali,https://taur-punjabi-jutti.business.site/
Shoe shop in mohali,https://www.instagram.com/chief.19/?hl=en
